"gene2","gene1","row","column","cor","num_obs","Gene_1","Gene_2"
"YBR160W","YBR049C","chr2_334386","chr2_560078",0.638038875255073,3916,"REB1","CDC28"
"YBR196C-A","YBR160W","chr2_560078","chr2_614024",0.725917800336249,1986,"CDC28","YBR196C-A"
"YBR196C-A","YBR049C","chr2_334386","chr2_614024",0.558626304700613,1986,"REB1","YBR196C-A"
"YCR084C","YBR049C","chr2_334386","chr3_260311",0.674503183287458,3912,"REB1","TUP1"
"YCR084C","YBR160W","chr2_560078","chr3_260311",0.509190372634297,3912,"CDC28","TUP1"
"YCR084C","YBR196C-A","chr2_614024","chr3_260311",0.59528472924338,1983,"YBR196C-A","TUP1"
"YDL005C","YBR049C","chr2_334386","chr4_441014",0.708644888460208,3916,"REB1","MED2"
"YDL005C","YBR160W","chr2_560078","chr4_441014",0.546143391142167,3916,"CDC28","MED2"
"YDR141C","YBR160W","chr2_560078","chr4_734901",0.5407452779294,3916,"CDC28","DOP1"
"YDR141C","YBR049C","chr2_334386","chr4_734901",0.720475369155519,3916,"REB1","DOP1"
"YDR141C","YBR196C-A","chr2_614024","chr4_734901",0.671205655063221,1986,"YBR196C-A","DOP1"
"YDR141C","YCR084C","chr3_260311","chr4_734901",0.608334444017105,3912,"TUP1","DOP1"
"YDR170C","YCR084C","chr3_260311","chr4_796193",0.563677882535479,3912,"TUP1","SEC7"
"YDR170C","YDR141C","chr4_734901","chr4_796193",0.935037849878044,3916,"DOP1","SEC7"
"YDR170C","YBR196C-A","chr2_614024","chr4_796193",0.647663630640692,1986,"YBR196C-A","SEC7"
"YDR170C","YBR160W","chr2_560078","chr4_796193",0.529641358910328,3916,"CDC28","SEC7"
"YDR170C","YBR049C","chr2_334386","chr4_796193",0.788275415466714,3916,"REB1","SEC7"
"YDR238C","YDR141C","chr4_734901","chr4_937895",0.885475892553233,3916,"DOP1","SEC26"
"YDR238C","YBR049C","chr2_334386","chr4_937895",0.799495786758805,3916,"REB1","SEC26"
"YDR238C","YBR160W","chr2_560078","chr4_937895",0.743468601122084,3916,"CDC28","SEC26"
"YDR238C","YBR196C-A","chr2_614024","chr4_937895",0.758662933100924,1986,"YBR196C-A","SEC26"
"YDR238C","YDR170C","chr4_796193","chr4_937895",0.783547672385322,3916,"SEC7","SEC26"
"YDR238C","YCR084C","chr3_260311","chr4_937895",0.516782862865504,3912,"TUP1","SEC26"
"YDR259C","YBR049C","chr2_334386","chr4_974631",0.517806789316256,3902,"REB1","YAP6"
"YDR259C","YDL005C","chr4_441014","chr4_974631",0.562119604238883,3902,"MED2","YAP6"
"YDR259C","YDR170C","chr4_796193","chr4_974631",0.533179842654055,3902,"SEC7","YAP6"
"YDR259C","YBR196C-A","chr2_614024","chr4_974631",0.596950485461823,1982,"YBR196C-A","YAP6"
"YDR392W","YDL005C","chr4_441014","chr4_1258696",0.794004041561446,3916,"MED2","SPT3"
"YDR392W","YDR259C","chr4_974631","chr4_1258696",0.560129269281554,3902,"YAP6","SPT3"
"YDR392W","YBR049C","chr2_334386","chr4_1258696",0.689037323361111,3916,"REB1","SPT3"
"YDR392W","YDR238C","chr4_937895","chr4_1258696",0.608756247398708,3916,"SEC26","SPT3"
"YDR392W","YBR160W","chr2_560078","chr4_1258696",0.754243244034048,3916,"CDC28","SPT3"
"YDR392W","YBR196C-A","chr2_614024","chr4_1258696",0.620460879617325,1986,"YBR196C-A","SPT3"
"YDR395W","YBR196C-A","chr2_614024","chr4_1263324",0.623775255493611,1986,"YBR196C-A","SXM1"
"YDR395W","YDR141C","chr4_734901","chr4_1263324",0.775396915754829,3916,"DOP1","SXM1"
"YDR395W","YDR170C","chr4_796193","chr4_1263324",0.827655528050692,3916,"SEC7","SXM1"
"YDR395W","YBR160W","chr2_560078","chr4_1263324",0.527464352773134,3916,"CDC28","SXM1"
"YDR395W","YCR084C","chr3_260311","chr4_1263324",0.595829508085381,3912,"TUP1","SXM1"
"YDR395W","YDR238C","chr4_937895","chr4_1263324",0.871047861029496,3916,"SEC26","SXM1"
"YDR395W","YBR049C","chr2_334386","chr4_1263324",0.656149322918391,3916,"REB1","SXM1"
"YDR463W","YDR259C","chr4_974631","chr4_1386642",0.554438190276293,3902,"YAP6","STP1"
"YDR463W","YBR160W","chr2_560078","chr4_1386642",0.530365315447507,3916,"CDC28","STP1"
"YDR463W","YCR084C","chr3_260311","chr4_1386642",0.5589930561481,3912,"TUP1","STP1"
"YDR463W","YBR196C-A","chr2_614024","chr4_1386642",0.544500941760677,1986,"YBR196C-A","STP1"
"YDR463W","YDL005C","chr4_441014","chr4_1386642",0.812579388604462,3916,"MED2","STP1"
"YDR463W","YBR049C","chr2_334386","chr4_1386642",0.687502475495341,3916,"REB1","STP1"
"YDR463W","YDR392W","chr4_1258696","chr4_1386642",0.73416226865573,3916,"SPT3","STP1"
"YEL009C","YDR392W","chr4_1258696","chr5_138918",0.653077781914128,3916,"SPT3","GCN4"
"YEL009C","YBR160W","chr2_560078","chr5_138918",0.59913521221568,3916,"CDC28","GCN4"
"YEL009C","YBR196C-A","chr2_614024","chr5_138918",0.817232130257376,1986,"YBR196C-A","GCN4"
"YER110C","YBR049C","chr2_334386","chr5_378762",0.545880098033915,3916,"REB1","KAP123"
"YER110C","YDR238C","chr4_937895","chr5_378762",0.681826570256797,3916,"SEC26","KAP123"
"YER110C","YBR196C-A","chr2_614024","chr5_378762",0.626787810811941,1986,"YBR196C-A","KAP123"
"YER110C","YCR084C","chr3_260311","chr5_378762",0.530625261481938,3912,"TUP1","KAP123"
"YER110C","YDR141C","chr4_734901","chr5_378762",0.65189381364494,3916,"DOP1","KAP123"
"YER110C","YDR170C","chr4_796193","chr5_378762",0.693219315111697,3916,"SEC7","KAP123"
"YER110C","YDR395W","chr4_1263324","chr5_378762",0.878477110956131,3916,"SXM1","KAP123"
"YER159C","YDR259C","chr4_974631","chr5_491530",0.592002240776841,3898,"YAP6","BUR6"
"YER159C","YDL005C","chr4_441014","chr5_491530",0.80064390503044,3912,"MED2","BUR6"
"YER159C","YDR392W","chr4_1258696","chr5_491530",0.705227029441374,3912,"SPT3","BUR6"
"YER159C","YDR463W","chr4_1386642","chr5_491530",0.673285199274731,3912,"STP1","BUR6"
"YGL016W","YBR049C","chr2_334386","chr7_461666",0.577045304599386,3916,"REB1","KAP122"
"YGL016W","YBR196C-A","chr2_614024","chr7_461666",0.644777008629212,1986,"YBR196C-A","KAP122"
"YGL016W","YDR170C","chr4_796193","chr7_461666",0.882484551868772,3916,"SEC7","KAP122"
"YGL016W","YDR395W","chr4_1263324","chr7_461666",0.92163360642375,3916,"SXM1","KAP122"
"YGL016W","YER110C","chr5_378762","chr7_461666",0.894861359761968,3916,"KAP123","KAP122"
"YGL016W","YDR238C","chr4_937895","chr7_461666",0.869413387194148,3916,"SEC26","KAP122"
"YGL016W","YCR084C","chr3_260311","chr7_461666",0.548508657449157,3912,"TUP1","KAP122"
"YGL016W","YDR141C","chr4_734901","chr7_461666",0.78887846824916,3916,"DOP1","KAP122"
"YGL073W","YCR084C","chr3_260311","chr7_368753",0.505903536203915,3910,"TUP1","HSF1"
"YGL073W","YDR392W","chr4_1258696","chr7_368753",0.788598009951499,3914,"SPT3","HSF1"
"YGL073W","YDL005C","chr4_441014","chr7_368753",0.791415109296869,3914,"MED2","HSF1"
"YGL073W","YDR259C","chr4_974631","chr7_368753",0.549362475035718,3900,"YAP6","HSF1"
"YGL073W","YBR160W","chr2_560078","chr7_368753",0.603527549560191,3914,"CDC28","HSF1"
"YGL073W","YDR463W","chr4_1386642","chr7_368753",0.872578424950933,3914,"STP1","HSF1"
"YGL073W","YER159C","chr5_491530","chr7_368753",0.64835730576473,3910,"BUR6","HSF1"
"YGL073W","YDR238C","chr4_937895","chr7_368753",0.569389713658427,3914,"SEC26","HSF1"
"YGL073W","YBR049C","chr2_334386","chr7_368753",0.680164895250016,3914,"REB1","HSF1"
"YGL073W","YBR196C-A","chr2_614024","chr7_368753",0.580270401381723,1986,"YBR196C-A","HSF1"
"YGL195W","YDR141C","chr4_734901","chr7_131525",0.850193109222998,3916,"DOP1","GCN1"
"YGL195W","YGL016W","chr7_461666","chr7_131525",0.923815652996947,3916,"KAP122","GCN1"
"YGL195W","YER110C","chr5_378762","chr7_131525",0.779562523168916,3916,"KAP123","GCN1"
"YGL195W","YDR170C","chr4_796193","chr7_131525",0.810902810647662,3916,"SEC7","GCN1"
"YGL195W","YBR196C-A","chr2_614024","chr7_131525",0.647521195770991,1986,"YBR196C-A","GCN1"
"YGL195W","YDR238C","chr4_937895","chr7_131525",0.75548548352466,3916,"SEC26","GCN1"
"YGL195W","YDR395W","chr4_1263324","chr7_131525",0.852115098025175,3916,"SXM1","GCN1"
"YGL195W","YBR049C","chr2_334386","chr7_131525",0.601987094542511,3916,"REB1","GCN1"
"YGR252W","YBR160W","chr2_560078","chr7_996869",0.703325307557943,3916,"CDC28","GCN5"
"YGR252W","YDR392W","chr4_1258696","chr7_996869",0.772219584670014,3916,"SPT3","GCN5"
"YGR252W","YCR084C","chr3_260311","chr7_996869",0.597137156699344,3912,"TUP1","GCN5"
"YGR252W","YDR141C","chr4_734901","chr7_996869",0.505284627058985,3916,"DOP1","GCN5"
"YGR252W","YGL073W","chr7_368753","chr7_996869",0.661057349997695,3914,"HSF1","GCN5"
"YGR252W","YBR049C","chr2_334386","chr7_996869",0.764339682037074,3916,"REB1","GCN5"
"YGR252W","YDL005C","chr4_441014","chr7_996869",0.800794503269691,3916,"MED2","GCN5"
"YGR252W","YER159C","chr5_491530","chr7_996869",0.652048726147328,3912,"BUR6","GCN5"
"YGR252W","YDR170C","chr4_796193","chr7_996869",0.577331629009141,3916,"SEC7","GCN5"
"YGR252W","YEL009C","chr5_138918","chr7_996869",0.512846736711996,3916,"GCN4","GCN5"
"YGR252W","YDR463W","chr4_1386642","chr7_996869",0.694933725247882,3916,"STP1","GCN5"
"YGR252W","YDR238C","chr4_937895","chr7_996869",0.642969995180131,3916,"SEC26","GCN5"
"YGR252W","YBR196C-A","chr2_614024","chr7_996869",0.583482374482656,1986,"YBR196C-A","GCN5"
"YHR027C","YGL195W","chr7_131525","chr8_161730",0.624878716781865,3916,"GCN1","RPN1"
"YHR027C","YDR259C","chr4_974631","chr8_161730",0.551256215410766,3902,"YAP6","RPN1"
"YHR027C","YGL016W","chr7_461666","chr8_161730",0.725739450010297,3916,"KAP122","RPN1"
"YHR027C","YGL073W","chr7_368753","chr8_161730",0.745503827949362,3914,"HSF1","RPN1"
"YHR027C","YDR392W","chr4_1258696","chr8_161730",0.751247910448263,3916,"SPT3","RPN1"
"YHR027C","YDR170C","chr4_796193","chr8_161730",0.742120099954491,3916,"SEC7","RPN1"
"YHR027C","YBR049C","chr2_334386","chr8_161730",0.842384591212992,3916,"REB1","RPN1"
"YHR027C","YDR141C","chr4_734901","chr8_161730",0.864810235912796,3916,"DOP1","RPN1"
"YHR027C","YDR463W","chr4_1386642","chr8_161730",0.707253163644805,3916,"STP1","RPN1"
"YHR027C","YGR252W","chr7_996869","chr8_161730",0.731269407694118,3916,"GCN5","RPN1"
"YHR027C","YDR395W","chr4_1263324","chr8_161730",0.709339494098078,3916,"SXM1","RPN1"
"YHR027C","YDR238C","chr4_937895","chr8_161730",0.787605477855279,3916,"SEC26","RPN1"
"YHR027C","YCR084C","chr3_260311","chr8_161730",0.54780035976195,3912,"TUP1","RPN1"
"YHR027C","YDL005C","chr4_441014","chr8_161730",0.682674666407946,3916,"MED2","RPN1"
"YHR027C","YBR160W","chr2_560078","chr8_161730",0.756729679105093,3916,"CDC28","RPN1"
"YHR027C","YBR196C-A","chr2_614024","chr8_161730",0.706887487299289,1986,"YBR196C-A","RPN1"
"YIL036W","YDR392W","chr4_1258696","chr9_285666",0.81454503538545,3916,"SPT3","CST6"
"YIL036W","YHR027C","chr8_161730","chr9_285666",0.777880404312284,3916,"RPN1","CST6"
"YIL036W","YCR084C","chr3_260311","chr9_285666",0.553984215258243,3912,"TUP1","CST6"
"YIL036W","YDR463W","chr4_1386642","chr9_285666",0.815848155099371,3916,"STP1","CST6"
"YIL036W","YDL005C","chr4_441014","chr9_285666",0.799648621939637,3916,"MED2","CST6"
"YIL036W","YER159C","chr5_491530","chr9_285666",0.585049085213357,3912,"BUR6","CST6"
"YIL036W","YDR238C","chr4_937895","chr9_285666",0.608770935656133,3916,"SEC26","CST6"
"YIL036W","YBR160W","chr2_560078","chr9_285666",0.577500286410506,3916,"CDC28","CST6"
"YIL036W","YDR141C","chr4_734901","chr9_285666",0.627408551073485,3916,"DOP1","CST6"
"YIL036W","YDR259C","chr4_974631","chr9_285666",0.635513981557383,3902,"YAP6","CST6"
"YIL036W","YDR170C","chr4_796193","chr9_285666",0.614899269763889,3916,"SEC7","CST6"
"YIL036W","YGR252W","chr7_996869","chr9_285666",0.723756079139902,3916,"GCN5","CST6"
"YIL036W","YBR049C","chr2_334386","chr9_285666",0.731640033007918,3916,"REB1","CST6"
"YIL036W","YBR196C-A","chr2_614024","chr9_285666",0.597050934467379,1986,"YBR196C-A","CST6"
"YIL036W","YGL073W","chr7_368753","chr9_285666",0.819142608902823,3914,"HSF1","CST6"
"YIL131C","YBR049C","chr2_334386","chr9_100781",0.752021746242872,3916,"REB1","FKH1"
"YIL131C","YCR084C","chr3_260311","chr9_100781",0.749591490126153,3912,"TUP1","FKH1"
"YIL131C","YDR395W","chr4_1263324","chr9_100781",0.716916705120003,3916,"SXM1","FKH1"
"YIL131C","YDR238C","chr4_937895","chr9_100781",0.716148084640039,3916,"SEC26","FKH1"
"YIL131C","YHR027C","chr8_161730","chr9_100781",0.684948530967511,3916,"RPN1","FKH1"
"YIL131C","YGR252W","chr7_996869","chr9_100781",0.674677642627054,3916,"GCN5","FKH1"
"YIL131C","YDR141C","chr4_734901","chr9_100781",0.535711429576041,3916,"DOP1","FKH1"
"YIL131C","YBR160W","chr2_560078","chr9_100781",0.554097559855554,3916,"CDC28","FKH1"
"YIL131C","YDR170C","chr4_796193","chr9_100781",0.700993541343799,3916,"SEC7","FKH1"
"YIL131C","YER110C","chr5_378762","chr9_100781",0.679644450716966,3916,"KAP123","FKH1"
"YIL131C","YGL195W","chr7_131525","chr9_100781",0.601510320823754,3916,"GCN1","FKH1"
"YIL131C","YGL016W","chr7_461666","chr9_100781",0.61105006656577,3916,"KAP122","FKH1"
"YIR018W","YDL005C","chr4_441014","chr9_384609",0.731106924249923,3900,"MED2","YAP5"
"YIR018W","YEL009C","chr5_138918","chr9_384609",0.508793497050189,3900,"GCN4","YAP5"
"YIR018W","YDR141C","chr4_734901","chr9_384609",0.504702947558033,3900,"DOP1","YAP5"
"YIR018W","YDR170C","chr4_796193","chr9_384609",0.572681101384304,3900,"SEC7","YAP5"
"YIR018W","YER159C","chr5_491530","chr9_384609",0.549682626156105,3896,"BUR6","YAP5"
"YIR018W","YIL036W","chr9_285666","chr9_384609",0.816846086394481,3900,"CST6","YAP5"
"YIR018W","YBR049C","chr2_334386","chr9_384609",0.662085771837106,3900,"REB1","YAP5"
"YIR018W","YDR463W","chr4_1386642","chr9_384609",0.832831767047015,3900,"STP1","YAP5"
"YIR018W","YGL073W","chr7_368753","chr9_384609",0.792581946096512,3899,"HSF1","YAP5"
"YIR018W","YDR238C","chr4_937895","chr9_384609",0.603122734651634,3900,"SEC26","YAP5"
"YIR018W","YBR160W","chr2_560078","chr9_384609",0.520436721898773,3900,"CDC28","YAP5"
"YIR018W","YHR027C","chr8_161730","chr9_384609",0.730211022628549,3900,"RPN1","YAP5"
"YIR018W","YDR392W","chr4_1258696","chr9_384609",0.626485694266276,3900,"SPT3","YAP5"
"YIR018W","YGR252W","chr7_996869","chr9_384609",0.693792546694294,3900,"GCN5","YAP5"
"YJL207C","YDR395W","chr4_1263324","chr10_41389",0.8638084282082,3916,"SXM1","LAA1"
"YJL207C","YBR049C","chr2_334386","chr10_41389",0.712215178105117,3916,"REB1","LAA1"
"YJL207C","YIL131C","chr9_100781","chr10_41389",0.580693932718354,3916,"FKH1","LAA1"
"YJL207C","YGL016W","chr7_461666","chr10_41389",0.870843486066003,3916,"KAP122","LAA1"
"YJL207C","YDR170C","chr4_796193","chr10_41389",0.94706370919893,3916,"SEC7","LAA1"
"YJL207C","YCR084C","chr3_260311","chr10_41389",0.549249327267347,3912,"TUP1","LAA1"
"YJL207C","YDR238C","chr4_937895","chr10_41389",0.896160444532836,3916,"SEC26","LAA1"
"YJL207C","YGL195W","chr7_131525","chr10_41389",0.903680097571884,3916,"GCN1","LAA1"
"YJL207C","YDR141C","chr4_734901","chr10_41389",0.888830326070648,3916,"DOP1","LAA1"
"YJL207C","YBR196C-A","chr2_614024","chr10_41389",0.610893641065989,1986,"YBR196C-A","LAA1"
"YJL207C","YER110C","chr5_378762","chr10_41389",0.777473807921678,3916,"KAP123","LAA1"
"YJL207C","YHR027C","chr8_161730","chr10_41389",0.793179547276864,3916,"RPN1","LAA1"
"YJR060W","YGR252W","chr7_996869","chr10_548759",0.766255153228229,3915,"GCN5","CBF1"
"YJR060W","YDR392W","chr4_1258696","chr10_548759",0.683169636247881,3915,"SPT3","CBF1"
"YJR060W","YDR463W","chr4_1386642","chr10_548759",0.630427444180415,3915,"STP1","CBF1"
"YJR060W","YIR018W","chr9_384609","chr10_548759",0.643062055431586,3900,"YAP5","CBF1"
"YJR060W","YGL195W","chr7_131525","chr10_548759",0.529101813274868,3915,"GCN1","CBF1"
"YJR060W","YBR049C","chr2_334386","chr10_548759",0.727981985537691,3915,"REB1","CBF1"
"YJR060W","YGL073W","chr7_368753","chr10_548759",0.596541371078621,3913,"HSF1","CBF1"
"YJR060W","YDL005C","chr4_441014","chr10_548759",0.693542033051049,3915,"MED2","CBF1"
"YJR060W","YCR084C","chr3_260311","chr10_548759",0.661014109598431,3911,"TUP1","CBF1"
"YJR060W","YBR196C-A","chr2_614024","chr10_548759",0.529471310806973,1985,"YBR196C-A","CBF1"
"YJR060W","YDR141C","chr4_734901","chr10_548759",0.59462917274514,3915,"DOP1","CBF1"
"YJR060W","YDR238C","chr4_937895","chr10_548759",0.610598210663418,3915,"SEC26","CBF1"
"YJR060W","YER159C","chr5_491530","chr10_548759",0.586269736287063,3911,"BUR6","CBF1"
"YJR060W","YDR170C","chr4_796193","chr10_548759",0.67856050069612,3915,"SEC7","CBF1"
"YJR060W","YIL131C","chr9_100781","chr10_548759",0.654079796014785,3915,"FKH1","CBF1"
"YJR060W","YIL036W","chr9_285666","chr10_548759",0.69337310788085,3915,"CST6","CBF1"
"YJR060W","YJL207C","chr10_41389","chr10_548759",0.522183673842587,3915,"LAA1","CBF1"
"YJR060W","YBR160W","chr2_560078","chr10_548759",0.576289875862761,3915,"CDC28","CBF1"
"YJR060W","YHR027C","chr8_161730","chr10_548759",0.729596143637809,3915,"RPN1","CBF1"
"YJR132W","YDR238C","chr4_937895","chr10_669522",0.866113655135942,3916,"SEC26","NMD5"
"YJR132W","YEL009C","chr5_138918","chr10_669522",0.507186696943892,3916,"GCN4","NMD5"
"YJR132W","YBR196C-A","chr2_614024","chr10_669522",0.63459165609804,1986,"YBR196C-A","NMD5"
"YJR132W","YJL207C","chr10_41389","chr10_669522",0.860169302816393,3916,"LAA1","NMD5"
"YJR132W","YGL195W","chr7_131525","chr10_669522",0.875141249210537,3916,"GCN1","NMD5"
"YJR132W","YDR170C","chr4_796193","chr10_669522",0.845486175765154,3916,"SEC7","NMD5"
"YJR132W","YCR084C","chr3_260311","chr10_669522",0.604329152641508,3912,"TUP1","NMD5"
"YJR132W","YBR049C","chr2_334386","chr10_669522",0.646019753224442,3916,"REB1","NMD5"
"YJR132W","YER110C","chr5_378762","chr10_669522",0.855696415086747,3916,"KAP123","NMD5"
"YJR132W","YHR027C","chr8_161730","chr10_669522",0.737938844966484,3916,"RPN1","NMD5"
"YJR132W","YDR141C","chr4_734901","chr10_669522",0.780581003323814,3916,"DOP1","NMD5"
"YJR132W","YIL131C","chr9_100781","chr10_669522",0.642586582772835,3916,"FKH1","NMD5"
"YJR132W","YGL016W","chr7_461666","chr10_669522",0.889261579408971,3916,"KAP122","NMD5"
"YJR132W","YDR395W","chr4_1263324","chr10_669522",0.915419657210642,3916,"SXM1","NMD5"
"YKL112W","YDR141C","chr4_734901","chr11_226570",0.633554029493145,3916,"DOP1","ABF1"
"YKL112W","YGL073W","chr7_368753","chr11_226570",0.653228347242197,3914,"HSF1","ABF1"
"YKL112W","YHR027C","chr8_161730","chr11_226570",0.75745049200592,3916,"RPN1","ABF1"
"YKL112W","YIL036W","chr9_285666","chr11_226570",0.643326225756564,3916,"CST6","ABF1"
"YKL112W","YDR392W","chr4_1258696","chr11_226570",0.6375962201236,3916,"SPT3","ABF1"
"YKL112W","YGL195W","chr7_131525","chr11_226570",0.531685927330237,3916,"GCN1","ABF1"
"YKL112W","YBR049C","chr2_334386","chr11_226570",0.886523036514608,3916,"REB1","ABF1"
"YKL112W","YDL005C","chr4_441014","chr11_226570",0.66142010534634,3916,"MED2","ABF1"
"YKL112W","YCR084C","chr3_260311","chr11_226570",0.661402484833828,3912,"TUP1","ABF1"
"YKL112W","YDR170C","chr4_796193","chr11_226570",0.706191016297261,3916,"SEC7","ABF1"
"YKL112W","YDR395W","chr4_1263324","chr11_226570",0.573475638323659,3916,"SXM1","ABF1"
"YKL112W","YIR018W","chr9_384609","chr11_226570",0.610931455604185,3900,"YAP5","ABF1"
"YKL112W","YGR252W","chr7_996869","chr11_226570",0.716040261606938,3916,"GCN5","ABF1"
"YKL112W","YJL207C","chr10_41389","chr11_226570",0.615666887392884,3916,"LAA1","ABF1"
"YKL112W","YIL131C","chr9_100781","chr11_226570",0.743583155183052,3916,"FKH1","ABF1"
"YKL112W","YDR463W","chr4_1386642","chr11_226570",0.646072119806599,3916,"STP1","ABF1"
"YKL112W","YDR238C","chr4_937895","chr11_226570",0.723754961156878,3916,"SEC26","ABF1"
"YKL112W","YJR132W","chr10_669522","chr11_226570",0.598579285516839,3916,"NMD5","ABF1"
"YKL112W","YER110C","chr5_378762","chr11_226570",0.500082893304648,3916,"KAP123","ABF1"
"YKL112W","YBR160W","chr2_560078","chr11_226570",0.605541327346843,3916,"CDC28","ABF1"
"YKL112W","YBR196C-A","chr2_614024","chr11_226570",0.537605591250881,1986,"YBR196C-A","ABF1"
"YKL112W","YDR259C","chr4_974631","chr11_226570",0.533201875188843,3902,"YAP6","ABF1"
"YKL112W","YJR060W","chr10_548759","chr11_226570",0.725217512964492,3915,"CBF1","ABF1"
"YLR176C","YBR049C","chr2_334386","chr12_507797",0.708049188915024,3916,"REB1","RFX1"
"YLR176C","YDL005C","chr4_441014","chr12_507797",0.73112197543162,3916,"MED2","RFX1"
"YLR176C","YDR259C","chr4_974631","chr12_507797",0.520094839951113,3902,"YAP6","RFX1"
"YLR176C","YJR060W","chr10_548759","chr12_507797",0.635313913070039,3915,"CBF1","RFX1"
"YLR176C","YGL073W","chr7_368753","chr12_507797",0.840334064461829,3914,"HSF1","RFX1"
"YLR176C","YER159C","chr5_491530","chr12_507797",0.547470723517462,3912,"BUR6","RFX1"
"YLR176C","YDR170C","chr4_796193","chr12_507797",0.713526781459011,3916,"SEC7","RFX1"
"YLR176C","YDR463W","chr4_1386642","chr12_507797",0.796091824769176,3916,"STP1","RFX1"
"YLR176C","YIL036W","chr9_285666","chr12_507797",0.899286420734944,3916,"CST6","RFX1"
"YLR176C","YBR196C-A","chr2_614024","chr12_507797",0.540942664177822,1986,"YBR196C-A","RFX1"
"YLR176C","YDR238C","chr4_937895","chr12_507797",0.699783617949413,3916,"SEC26","RFX1"
"YLR176C","YEL009C","chr5_138918","chr12_507797",0.522225037710922,3916,"GCN4","RFX1"
"YLR176C","YDR392W","chr4_1258696","chr12_507797",0.694059886144399,3916,"SPT3","RFX1"
"YLR176C","YCR084C","chr3_260311","chr12_507797",0.695561608792838,3912,"TUP1","RFX1"
"YLR176C","YBR160W","chr2_560078","chr12_507797",0.566959992795667,3916,"CDC28","RFX1"
"YLR176C","YGR252W","chr7_996869","chr12_507797",0.618694600508137,3916,"GCN5","RFX1"
"YLR176C","YJL207C","chr10_41389","chr12_507797",0.581680160921148,3916,"LAA1","RFX1"
"YLR176C","YKL112W","chr11_226570","chr12_507797",0.626296344145079,3916,"ABF1","RFX1"
"YLR176C","YHR027C","chr8_161730","chr12_507797",0.800274520883477,3916,"RPN1","RFX1"
"YLR176C","YGL195W","chr7_131525","chr12_507797",0.538927357958959,3916,"GCN1","RFX1"
"YLR176C","YDR141C","chr4_734901","chr12_507797",0.703121520101043,3916,"DOP1","RFX1"
"YLR176C","YIR018W","chr9_384609","chr12_507797",0.699253880756106,3900,"YAP5","RFX1"
"YLR403W","YIR018W","chr9_384609","chr12_925568",0.704542803474104,3897,"YAP5","SFP1"
"YLR403W","YIL036W","chr9_285666","chr12_925568",0.688831291455927,3912,"CST6","SFP1"
"YLR403W","YDL005C","chr4_441014","chr12_925568",0.543397522226548,3912,"MED2","SFP1"
"YLR403W","YEL009C","chr5_138918","chr12_925568",0.625954862809161,3912,"GCN4","SFP1"
"YLR403W","YCR084C","chr3_260311","chr12_925568",0.652714278972452,3908,"TUP1","SFP1"
"YLR403W","YJR132W","chr10_669522","chr12_925568",0.604101945417762,3912,"NMD5","SFP1"
"YLR403W","YLR176C","chr12_507797","chr12_925568",0.729187617434391,3912,"RFX1","SFP1"
"YLR403W","YKL112W","chr11_226570","chr12_925568",0.649759036734887,3912,"ABF1","SFP1"
"YLR403W","YDR392W","chr4_1258696","chr12_925568",0.61802200376721,3912,"SPT3","SFP1"
"YLR403W","YDR238C","chr4_937895","chr12_925568",0.727034486700982,3912,"SEC26","SFP1"
"YLR403W","YGL073W","chr7_368753","chr12_925568",0.713619960505735,3910,"HSF1","SFP1"
"YLR403W","YDR463W","chr4_1386642","chr12_925568",0.706330570641848,3912,"STP1","SFP1"
"YLR403W","YJL207C","chr10_41389","chr12_925568",0.555061038079926,3912,"LAA1","SFP1"
"YLR403W","YBR049C","chr2_334386","chr12_925568",0.711991368422849,3912,"REB1","SFP1"
"YLR403W","YDR170C","chr4_796193","chr12_925568",0.590188356496527,3912,"SEC7","SFP1"
"YLR403W","YDR141C","chr4_734901","chr12_925568",0.592841124079487,3912,"DOP1","SFP1"
"YLR403W","YBR196C-A","chr2_614024","chr12_925568",0.682461083015357,1984,"YBR196C-A","SFP1"
"YLR403W","YHR027C","chr8_161730","chr12_925568",0.756645183143841,3912,"RPN1","SFP1"
"YLR403W","YBR160W","chr2_560078","chr12_925568",0.563256331602907,3912,"CDC28","SFP1"
"YLR403W","YGL195W","chr7_131525","chr12_925568",0.512993934862072,3912,"GCN1","SFP1"
"YLR403W","YDR395W","chr4_1263324","chr12_925568",0.568809406348894,3912,"SXM1","SFP1"
"YLR403W","YGR252W","chr7_996869","chr12_925568",0.615005569126516,3912,"GCN5","SFP1"
"YNL068C","YER110C","chr5_378762","chr14_495701",0.558833116684583,3916,"KAP123","FKH2"
"YNL068C","YER159C","chr5_491530","chr14_495701",0.565305643038292,3912,"BUR6","FKH2"
"YNL068C","YDR392W","chr4_1258696","chr14_495701",0.6060279406122,3916,"SPT3","FKH2"
"YNL068C","YDR238C","chr4_937895","chr14_495701",0.696785836794011,3916,"SEC26","FKH2"
"YNL068C","YIR018W","chr9_384609","chr14_495701",0.624073164894059,3900,"YAP5","FKH2"
"YNL068C","YDR395W","chr4_1263324","chr14_495701",0.636771143145997,3916,"SXM1","FKH2"
"YNL068C","YHR027C","chr8_161730","chr14_495701",0.751991318018082,3916,"RPN1","FKH2"
"YNL068C","YBR049C","chr2_334386","chr14_495701",0.806932067395253,3916,"REB1","FKH2"
"YNL068C","YGL073W","chr7_368753","chr14_495701",0.723916790885226,3914,"HSF1","FKH2"
"YNL068C","YLR176C","chr12_507797","chr14_495701",0.715377233989977,3916,"RFX1","FKH2"
"YNL068C","YCR084C","chr3_260311","chr14_495701",0.734894563089504,3912,"TUP1","FKH2"
"YNL068C","YJR060W","chr10_548759","chr14_495701",0.714542280147339,3915,"CBF1","FKH2"
"YNL068C","YGR252W","chr7_996869","chr14_495701",0.713431933026007,3916,"GCN5","FKH2"
"YNL068C","YBR160W","chr2_560078","chr14_495701",0.557580899169179,3916,"CDC28","FKH2"
"YNL068C","YKL112W","chr11_226570","chr14_495701",0.764904249251445,3916,"ABF1","FKH2"
"YNL068C","YGL195W","chr7_131525","chr14_495701",0.551765755749732,3916,"GCN1","FKH2"
"YNL068C","YDR463W","chr4_1386642","chr14_495701",0.735433216322126,3916,"STP1","FKH2"
"YNL068C","YDL005C","chr4_441014","chr14_495701",0.71104366994397,3916,"MED2","FKH2"
"YNL068C","YJR132W","chr10_669522","chr14_495701",0.591346642619059,3916,"NMD5","FKH2"
"YNL068C","YDR141C","chr4_734901","chr14_495701",0.609063405074065,3916,"DOP1","FKH2"
"YNL068C","YIL036W","chr9_285666","chr14_495701",0.662187917586133,3916,"CST6","FKH2"
"YNL068C","YDR170C","chr4_796193","chr14_495701",0.735482064538634,3916,"SEC7","FKH2"
"YNL068C","YBR196C-A","chr2_614024","chr14_495701",0.517163067392051,1986,"YBR196C-A","FKH2"
"YNL068C","YLR403W","chr12_925568","chr14_495701",0.664131903228987,3912,"SFP1","FKH2"
"YNL068C","YJL207C","chr10_41389","chr14_495701",0.615852960697664,3916,"LAA1","FKH2"
"YNL068C","YIL131C","chr9_100781","chr14_495701",0.737743302647207,3916,"FKH1","FKH2"
"YNL216W","YIL131C","chr9_100781","chr14_241689",0.758381432610077,3916,"FKH1","RAP1"
"YNL216W","YJR132W","chr10_669522","chr14_241689",0.669955739687523,3916,"NMD5","RAP1"
"YNL216W","YGR252W","chr7_996869","chr14_241689",0.735280452808762,3916,"GCN5","RAP1"
"YNL216W","YDR392W","chr4_1258696","chr14_241689",0.588585845159691,3916,"SPT3","RAP1"
"YNL216W","YIR018W","chr9_384609","chr14_241689",0.618114096151735,3900,"YAP5","RAP1"
"YNL216W","YNL068C","chr14_495701","chr14_241689",0.810188162342209,3916,"FKH2","RAP1"
"YNL216W","YDR395W","chr4_1263324","chr14_241689",0.713291445596206,3916,"SXM1","RAP1"
"YNL216W","YLR176C","chr12_507797","chr14_241689",0.658410698577196,3916,"RFX1","RAP1"
"YNL216W","YDR238C","chr4_937895","chr14_241689",0.79617013420175,3916,"SEC26","RAP1"
"YNL216W","YKL112W","chr11_226570","chr14_241689",0.787586608443941,3916,"ABF1","RAP1"
"YNL216W","YBR049C","chr2_334386","chr14_241689",0.861516974985295,3916,"REB1","RAP1"
"YNL216W","YJL207C","chr10_41389","chr14_241689",0.66260669472859,3916,"LAA1","RAP1"
"YNL216W","YIL036W","chr9_285666","chr14_241689",0.602635992141702,3916,"CST6","RAP1"
"YNL216W","YBR196C-A","chr2_614024","chr14_241689",0.65861212456744,1986,"YBR196C-A","RAP1"
"YNL216W","YDR170C","chr4_796193","chr14_241689",0.733149637324592,3916,"SEC7","RAP1"
"YNL216W","YDR141C","chr4_734901","chr14_241689",0.644882358225902,3916,"DOP1","RAP1"
"YNL216W","YCR084C","chr3_260311","chr14_241689",0.713435210671948,3912,"TUP1","RAP1"
"YNL216W","YBR160W","chr2_560078","chr14_241689",0.67467894527056,3916,"CDC28","RAP1"
"YNL216W","YGL073W","chr7_368753","chr14_241689",0.63160357219132,3914,"HSF1","RAP1"
"YNL216W","YHR027C","chr8_161730","chr14_241689",0.798380908567467,3916,"RPN1","RAP1"
"YNL216W","YGL195W","chr7_131525","chr14_241689",0.601853132878929,3916,"GCN1","RAP1"
"YNL216W","YDR463W","chr4_1386642","chr14_241689",0.652267463903783,3916,"STP1","RAP1"
"YNL216W","YER110C","chr5_378762","chr14_241689",0.658617632330145,3916,"KAP123","RAP1"
"YNL216W","YDL005C","chr4_441014","chr14_241689",0.602456042537382,3916,"MED2","RAP1"
"YNL216W","YLR403W","chr12_925568","chr14_241689",0.721909567874385,3912,"SFP1","RAP1"
"YNL216W","YGL016W","chr7_461666","chr14_241689",0.603232938600741,3916,"KAP122","RAP1"
"YNL216W","YJR060W","chr10_548759","chr14_241689",0.650104092161398,3915,"CBF1","RAP1"
"YNL236W","YKL112W","chr11_226570","chr14_206930",0.666394363937025,3916,"ABF1","SIN4"
"YNL236W","YDR238C","chr4_937895","chr14_206930",0.920135578634475,3916,"SEC26","SIN4"
"YNL236W","YBR049C","chr2_334386","chr14_206930",0.748883600133241,3916,"REB1","SIN4"
"YNL236W","YIL036W","chr9_285666","chr14_206930",0.570050139676313,3916,"CST6","SIN4"
"YNL236W","YER110C","chr5_378762","chr14_206930",0.702456798305755,3916,"KAP123","SIN4"
"YNL236W","YNL068C","chr14_495701","chr14_206930",0.692066644062285,3916,"FKH2","SIN4"
"YNL236W","YIR018W","chr9_384609","chr14_206930",0.560997648534425,3900,"YAP5","SIN4"
"YNL236W","YDR170C","chr4_796193","chr14_206930",0.813416648236948,3916,"SEC7","SIN4"
"YNL236W","YIL131C","chr9_100781","chr14_206930",0.613659591375873,3916,"FKH1","SIN4"
"YNL236W","YDR463W","chr4_1386642","chr14_206930",0.534909892900591,3916,"STP1","SIN4"
"YNL236W","YHR027C","chr8_161730","chr14_206930",0.853725118031682,3916,"RPN1","SIN4"
"YNL236W","YJL207C","chr10_41389","chr14_206930",0.79794814259383,3916,"LAA1","SIN4"
"YNL236W","YBR196C-A","chr2_614024","chr14_206930",0.635320853844078,1986,"YBR196C-A","SIN4"
"YNL236W","YGL195W","chr7_131525","chr14_206930",0.770842525026105,3916,"GCN1","SIN4"
"YNL236W","YDR395W","chr4_1263324","chr14_206930",0.823304313761362,3916,"SXM1","SIN4"
"YNL236W","YGR252W","chr7_996869","chr14_206930",0.618896126593432,3916,"GCN5","SIN4"
"YNL236W","YNL216W","chr14_241689","chr14_206930",0.765342983766269,3916,"RAP1","SIN4"
"YNL236W","YJR060W","chr10_548759","chr14_206930",0.509334688475595,3915,"CBF1","SIN4"
"YNL236W","YBR160W","chr2_560078","chr14_206930",0.603952390117366,3916,"CDC28","SIN4"
"YNL236W","YJR132W","chr10_669522","chr14_206930",0.777138129693765,3916,"NMD5","SIN4"
"YNL236W","YLR176C","chr12_507797","chr14_206930",0.589808756513942,3916,"RFX1","SIN4"
"YNL236W","YDR141C","chr4_734901","chr14_206930",0.772629431015657,3916,"DOP1","SIN4"
"YNL236W","YGL073W","chr7_368753","chr14_206930",0.582832195464413,3914,"HSF1","SIN4"
"YNL236W","YLR403W","chr12_925568","chr14_206930",0.713700772609287,3912,"SFP1","SIN4"
"YNL236W","YCR084C","chr3_260311","chr14_206930",0.646221291174018,3912,"TUP1","SIN4"
"YNL236W","YGL016W","chr7_461666","chr14_206930",0.75222432753564,3916,"KAP122","SIN4"
"YOL148C","YIR018W","chr9_384609","chr15_45760",0.718750102258162,3900,"YAP5","SPT20"
"YOL148C","YKL112W","chr11_226570","chr15_45760",0.828180991467631,3916,"ABF1","SPT20"
"YOL148C","YDR392W","chr4_1258696","chr15_45760",0.75157142367486,3916,"SPT3","SPT20"
"YOL148C","YER159C","chr5_491530","chr15_45760",0.542907704262577,3912,"BUR6","SPT20"
"YOL148C","YNL236W","chr14_206930","chr15_45760",0.816885945601156,3916,"SIN4","SPT20"
"YOL148C","YDL005C","chr4_441014","chr15_45760",0.770527324039825,3916,"MED2","SPT20"
"YOL148C","YHR027C","chr8_161730","chr15_45760",0.858664899728288,3916,"RPN1","SPT20"
"YOL148C","YBR196C-A","chr2_614024","chr15_45760",0.575198434966763,1986,"YBR196C-A","SPT20"
"YOL148C","YJL207C","chr10_41389","chr15_45760",0.616223517863241,3916,"LAA1","SPT20"
"YOL148C","YBR049C","chr2_334386","chr15_45760",0.861565745114141,3916,"REB1","SPT20"
"YOL148C","YGL073W","chr7_368753","chr15_45760",0.815762481192139,3914,"HSF1","SPT20"
"YOL148C","YGR252W","chr7_996869","chr15_45760",0.800359602728721,3916,"GCN5","SPT20"
"YOL148C","YIL036W","chr9_285666","chr15_45760",0.778753369032449,3916,"CST6","SPT20"
"YOL148C","YIL131C","chr9_100781","chr15_45760",0.651016362380987,3916,"FKH1","SPT20"
"YOL148C","YNL068C","chr14_495701","chr15_45760",0.830524040046523,3916,"FKH2","SPT20"
"YOL148C","YDR395W","chr4_1263324","chr15_45760",0.595282481836214,3916,"SXM1","SPT20"
"YOL148C","YNL216W","chr14_241689","chr15_45760",0.797166329949033,3916,"RAP1","SPT20"
"YOL148C","YLR176C","chr12_507797","chr15_45760",0.687903190396782,3916,"RFX1","SPT20"
"YOL148C","YCR084C","chr3_260311","chr15_45760",0.658860866693925,3912,"TUP1","SPT20"
"YOL148C","YDR170C","chr4_796193","chr15_45760",0.696411855795803,3916,"SEC7","SPT20"
"YOL148C","YLR403W","chr12_925568","chr15_45760",0.740552768800665,3912,"SFP1","SPT20"
"YOL148C","YJR132W","chr10_669522","chr15_45760",0.575893955121493,3916,"NMD5","SPT20"
"YOL148C","YDR141C","chr4_734901","chr15_45760",0.640753105226978,3916,"DOP1","SPT20"
"YOL148C","YDR463W","chr4_1386642","chr15_45760",0.785682992294209,3916,"STP1","SPT20"
"YOL148C","YDR238C","chr4_937895","chr15_45760",0.78852168514553,3916,"SEC26","SPT20"
"YOL148C","YGL195W","chr7_131525","chr15_45760",0.528394428541513,3916,"GCN1","SPT20"
"YOL148C","YBR160W","chr2_560078","chr15_45760",0.714176230782214,3916,"CDC28","SPT20"
"YOL148C","YJR060W","chr10_548759","chr15_45760",0.708958415368578,3915,"CBF1","SPT20"
"YOR110W","YER159C","chr5_491530","chr15_528941",0.526347884607557,3912,"BUR6","TFC7"
"YOR110W","YBR160W","chr2_560078","chr15_528941",0.702444301106161,3916,"CDC28","TFC7"
"YOR110W","YDR392W","chr4_1258696","chr15_528941",0.764602116111067,3916,"SPT3","TFC7"
"YOR110W","YIR018W","chr9_384609","chr15_528941",0.659436728667955,3900,"YAP5","TFC7"
"YOR110W","YJR132W","chr10_669522","chr15_528941",0.577363013578372,3916,"NMD5","TFC7"
"YOR110W","YDR141C","chr4_734901","chr15_528941",0.66984645466276,3916,"DOP1","TFC7"
"YOR110W","YDR395W","chr4_1263324","chr15_528941",0.564144235039299,3916,"SXM1","TFC7"
"YOR110W","YBR196C-A","chr2_614024","chr15_528941",0.595236417575914,1986,"YBR196C-A","TFC7"
"YOR110W","YGR252W","chr7_996869","chr15_528941",0.879253019919595,3916,"GCN5","TFC7"
"YOR110W","YDR238C","chr4_937895","chr15_528941",0.713235525894945,3916,"SEC26","TFC7"
"YOR110W","YLR403W","chr12_925568","chr15_528941",0.580460189046698,3912,"SFP1","TFC7"
"YOR110W","YBR049C","chr2_334386","chr15_528941",0.770263063019191,3916,"REB1","TFC7"
"YOR110W","YNL236W","chr14_206930","chr15_528941",0.65795549291613,3916,"SIN4","TFC7"
"YOR110W","YHR027C","chr8_161730","chr15_528941",0.806829041525768,3916,"RPN1","TFC7"
"YOR110W","YJL207C","chr10_41389","chr15_528941",0.618067564434448,3916,"LAA1","TFC7"
"YOR110W","YKL112W","chr11_226570","chr15_528941",0.707429324087611,3916,"ABF1","TFC7"
"YOR110W","YIL131C","chr9_100781","chr15_528941",0.648153280335823,3916,"FKH1","TFC7"
"YOR110W","YDR170C","chr4_796193","chr15_528941",0.72335366198678,3916,"SEC7","TFC7"
"YOR110W","YGL073W","chr7_368753","chr15_528941",0.588036492405448,3914,"HSF1","TFC7"
"YOR110W","YNL216W","chr14_241689","chr15_528941",0.708894534200383,3916,"RAP1","TFC7"
"YOR110W","YLR176C","chr12_507797","chr15_528941",0.664682698783854,3916,"RFX1","TFC7"
"YOR110W","YDL005C","chr4_441014","chr15_528941",0.6921559937563,3916,"MED2","TFC7"
"YOR110W","YCR084C","chr3_260311","chr15_528941",0.6629784008438,3912,"TUP1","TFC7"
"YOR110W","YNL068C","chr14_495701","chr15_528941",0.694716555602598,3916,"FKH2","TFC7"
"YOR110W","YJR060W","chr10_548759","chr15_528941",0.81891679273015,3915,"CBF1","TFC7"
"YOR110W","YIL036W","chr9_285666","chr15_528941",0.774076809147167,3916,"CST6","TFC7"
"YOR110W","YGL195W","chr7_131525","chr15_528941",0.569923031288262,3916,"GCN1","TFC7"
"YOR110W","YDR463W","chr4_1386642","chr15_528941",0.638040800081539,3916,"STP1","TFC7"
"YOR110W","YOL148C","chr15_45760","chr15_528941",0.811831810489605,3916,"SPT20","TFC7"
"YPL075W","YBR160W","chr2_560078","chr16_412254",0.562166977033981,3916,"CDC28","GCR1"
"YPL075W","YLR403W","chr12_925568","chr16_412254",0.592530039228333,3912,"SFP1","GCR1"
"YPL075W","YGL073W","chr7_368753","chr16_412254",0.56071305483109,3914,"HSF1","GCR1"
"YPL075W","YNL216W","chr14_241689","chr16_412254",0.609631095054474,3916,"RAP1","GCR1"
"YPL075W","YNL068C","chr14_495701","chr16_412254",0.688032346263295,3916,"FKH2","GCR1"
"YPL075W","YJR060W","chr10_548759","chr16_412254",0.622573636792989,3915,"CBF1","GCR1"
"YPL075W","YIL036W","chr9_285666","chr16_412254",0.605656318403784,3916,"CST6","GCR1"
"YPL075W","YOL148C","chr15_45760","chr16_412254",0.73452468247878,3916,"SPT20","GCR1"
"YPL075W","YIR018W","chr9_384609","chr16_412254",0.508838409335697,3900,"YAP5","GCR1"
"YPL075W","YOR110W","chr15_528941","chr16_412254",0.722455960616905,3916,"TFC7","GCR1"
"YPL075W","YCR084C","chr3_260311","chr16_412254",0.63865395557791,3912,"TUP1","GCR1"
"YPL075W","YGR252W","chr7_996869","chr16_412254",0.647591694779917,3916,"GCN5","GCR1"
"YPL075W","YDR238C","chr4_937895","chr16_412254",0.743683299748051,3916,"SEC26","GCR1"
"YPL075W","YBR196C-A","chr2_614024","chr16_412254",0.605383230894523,1986,"YBR196C-A","GCR1"
"YPL075W","YBR049C","chr2_334386","chr16_412254",0.695541106220166,3916,"REB1","GCR1"
"YPL075W","YDR395W","chr4_1263324","chr16_412254",0.626907673045072,3916,"SXM1","GCR1"
"YPL075W","YLR176C","chr12_507797","chr16_412254",0.604969654282796,3916,"RFX1","GCR1"
"YPL075W","YJL207C","chr10_41389","chr16_412254",0.666865701101387,3916,"LAA1","GCR1"
"YPL075W","YNL236W","chr14_206930","chr16_412254",0.699731472781435,3916,"SIN4","GCR1"
"YPL075W","YGL016W","chr7_461666","chr16_412254",0.597308548172199,3916,"KAP122","GCR1"
"YPL075W","YJR132W","chr10_669522","chr16_412254",0.662336857613965,3916,"NMD5","GCR1"
"YPL075W","YDR170C","chr4_796193","chr16_412254",0.720678953598075,3916,"SEC7","GCR1"
"YPL075W","YHR027C","chr8_161730","chr16_412254",0.750817458506492,3916,"RPN1","GCR1"
"YPL075W","YDR392W","chr4_1258696","chr16_412254",0.591638914582905,3916,"SPT3","GCR1"
"YPL075W","YKL112W","chr11_226570","chr16_412254",0.651473005506488,3916,"ABF1","GCR1"
"YPL075W","YGL195W","chr7_131525","chr16_412254",0.631065893356249,3916,"GCN1","GCR1"
"YPL075W","YDR141C","chr4_734901","chr16_412254",0.709473105774367,3916,"DOP1","GCR1"
"YPL075W","YIL131C","chr9_100781","chr16_412254",0.643453995989584,3916,"FKH1","GCR1"
"YPL153C","YGL016W","chr7_461666","chr16_261727",0.636754274646141,3909,"KAP122","RAD53"
"YPL153C","YLR176C","chr12_507797","chr16_261727",0.562267392440138,3909,"RFX1","RAD53"
"YPL153C","YBR160W","chr2_560078","chr16_261727",0.620240380226411,3909,"CDC28","RAD53"
"YPL153C","YOL148C","chr15_45760","chr16_261727",0.789505143100368,3909,"SPT20","RAD53"
"YPL153C","YHR027C","chr8_161730","chr16_261727",0.848873758374884,3909,"RPN1","RAD53"
"YPL153C","YBR196C-A","chr2_614024","chr16_261727",0.517155874167982,1980,"YBR196C-A","RAD53"
"YPL153C","YDR395W","chr4_1263324","chr16_261727",0.746864868065369,3909,"SXM1","RAD53"
"YPL153C","YDL005C","chr4_441014","chr16_261727",0.510762591519725,3909,"MED2","RAD53"
"YPL153C","YJL207C","chr10_41389","chr16_261727",0.720660059558827,3909,"LAA1","RAD53"
"YPL153C","YIL036W","chr9_285666","chr16_261727",0.565975492189936,3909,"CST6","RAD53"
"YPL153C","YJR132W","chr10_669522","chr16_261727",0.722369173115759,3909,"NMD5","RAD53"
"YPL153C","YOR110W","chr15_528941","chr16_261727",0.677061333472998,3909,"TFC7","RAD53"
"YPL153C","YPL075W","chr16_412254","chr16_261727",0.736276603857779,3909,"GCR1","RAD53"
"YPL153C","YLR403W","chr12_925568","chr16_261727",0.65608693000153,3905,"SFP1","RAD53"
"YPL153C","YGR252W","chr7_996869","chr16_261727",0.62777924929258,3909,"GCN5","RAD53"
"YPL153C","YIL131C","chr9_100781","chr16_261727",0.794738427102203,3909,"FKH1","RAD53"
"YPL153C","YDR238C","chr4_937895","chr16_261727",0.832101182097299,3909,"SEC26","RAD53"
"YPL153C","YNL216W","chr14_241689","chr16_261727",0.820687730588191,3909,"RAP1","RAD53"
"YPL153C","YGL073W","chr7_368753","chr16_261727",0.636622184139833,3907,"HSF1","RAD53"
"YPL153C","YKL112W","chr11_226570","chr16_261727",0.841587824158507,3909,"ABF1","RAD53"
"YPL153C","YDR392W","chr4_1258696","chr16_261727",0.5272580281861,3909,"SPT3","RAD53"
"YPL153C","YJR060W","chr10_548759","chr16_261727",0.657220381664921,3908,"CBF1","RAD53"
"YPL153C","YNL068C","chr14_495701","chr16_261727",0.779594152627765,3909,"FKH2","RAD53"
"YPL153C","YDR463W","chr4_1386642","chr16_261727",0.590675644577648,3909,"STP1","RAD53"
"YPL153C","YNL236W","chr14_206930","chr16_261727",0.739450972760235,3909,"SIN4","RAD53"
"YPL153C","YBR049C","chr2_334386","chr16_261727",0.845926268465454,3909,"REB1","RAD53"
"YPL153C","YCR084C","chr3_260311","chr16_261727",0.716074535940736,3905,"TUP1","RAD53"
"YPL153C","YER110C","chr5_378762","chr16_261727",0.658224084443373,3909,"KAP123","RAD53"
"YPL153C","YDR141C","chr4_734901","chr16_261727",0.717982467634051,3909,"DOP1","RAD53"
"YPL153C","YDR170C","chr4_796193","chr16_261727",0.801356410454501,3909,"SEC7","RAD53"
"YPL153C","YGL195W","chr7_131525","chr16_261727",0.694345458488463,3909,"GCN1","RAD53"
